REDESSA;CAMÍ DE VALLS 81-87;redesa.jpg;977300304
INDUGRAF OFFSET S.A.;POLIG. CONSTANTI AVDA EUROPA, ILLA 11,PARC. 2;indugraf.jpg;977296478
FIRA DE REUS;CAMÍ DE VALLS 81-87;fira-reus.jpg;977300304
CEPID;CAMÍ DE VALLS 81-87;cepid.jpg;977300304
FUNDACIÓ UNIVERSITAT ROVIRA I VIRGILI;C/EXCORXADOR S/N;fundacio-rovira-virgili.png;
AJUNTAMENT DE REUS-ÀREA DE PROMOCIÓ;CR. DEL ROSSELLÓ 2-8;ajuntament.jpg;977 010 047 ext
DRAGADOS, S.A., TAU ICESA Y SURIS, S.L.-UTE;VIA LAIETANA, 33, 5ª PLANTA;dragados.jpg;620290076
QD MARINA TARRAGONA, S.L.U.;C/ DR. FLEMING, 3, 9D;qd-marina.gif;977244173
D-CORE NETWORK IBERIA, S.L.;C/ CAMÍ DE VALLS, 81-87;d-core.jpg;
JURISA CORREDORIA D´ASSEGURANCES 2000, S.L.;PS. SUNYER,45;jurisa.jpg;977300606
UNIVERSITAT ROVIRA I VIRGILI;C/ L´ESCORXADOR, S/N;rovira-virgili.jpg;
JURISA SOLUCIONS, S.L.;C/ BONAIRE, 54, Baixos;;
INICIATIVES DE TELEVISIO, S.L.;CAMI DE VALLS, 81-87;canal-reus.jpg;977300509
BIG DRUM IBERICA, S.A.;C/ MILÀ I FONTANALS, s/n;big-drum.jpg;977759900
CONSELL COMARCAL DEL BAIX PENEDÉS;Plaça del Centre, 5.;consell-penedes.jpg;977157171
TEZ TOUR;CENTRO COMERCIAL FAÑABE PLAZA, 335;tez-tour.jpg;
VIAJES PARA TI, S.L.U.;AV. BELLISSENS, 42, OF.128-129;viajes-para-ti.jpg;977247157
AITASA;Calle doce s/n;aitasa.jpg;977556116
MASOL IBERIA BIOFUEL, S.L.;Marques de Sentmenat, 54-58, 5-3;;977252566
FAIVELEY TRANSPORT IBERICA, S.A.;Pol. Indus  La Drecera C/ Mecánica, Finca 23;faiveley.jpg;977011000
GOLF BONMONT;URB. BONMONT TERRES NOVES, PARC. 84;bonmont.jpg;977818140
EMERSON PROCESS MANAGEMENT, S.L.;C/ FRANCISCO GERVÁS, 1,;emerson.png;913586000
GESTIÓ URBANÍSTICA PÚBLICA S.A.;Camí de Valls. 81-87;gupsa.jpg;977010870
Campa Iberia S.A.;Marqués de Sentmenat, 54. 5o 4a;campa-iberia.jpg;931599900
CTNS, F.P.;AVDA. UNIVERSITAT, 1;ctns.jpg;977300431
INC;C/ DE LA FRUITA SECA, 4, POL. TECNOPARC;;977331416
SURIS, S.L.;C/MARROC, 210-212;suris.jpg;935569101
VIDRAFOC, S.A.;c/Almogàvers, 182-184;vidrafoc.gif;933093566
CLUB GIMNASTIC DE TARRAGONA;CAMÍ DE LA BUDELLERA, SN;nastic.gif;977290915
PATRONAT MUNICIPAL DE TURISME I COMERÇ;C/RAVAL DE ROBUSTER, 43, 3a;;
CONSELL COMARCAL DEL PRIORAT;Pl. la Quartera, 1;consell-priorat.gif;977830119
REUS DEPORTIU;Antoni Gaudí, 66;reus-deportiu.png;977328399
OPTICA DR. MARI, S.L.;C/MEDICO VICENTE RIERA, 3, BAIXOS;dr-mari.jpg;971303167
SUMMAR TECNOLOGIA Y GESTION, S.A.;C/Vilafortuny, 3;summar.jpg;977338181
Neomobile Spain SL;Av. Bellissens, 42 Edif. Tecnoparc Of. 220;neomobile.jpg;977128446
TEN SOFTWARE EMPRESARIAL, S.L.;C/ Joan Serra i Vilaró, 9 Baixos;tensoft.jpg;977270991
COMEPAL SA;CR SANTES CREUS, KM. 56 (TP-2031);comepal.png;977626184
La Secuita Ajuntament;Sant Cristòfol 2;;977611454
TEN SOLUTIONS SOFTWARE AND CONSULTING, S.L.;C/JOAN SERRA I VILARÓ, 9 BAIXOS;;977270991
IBERBRISA INTERNACIONAL, S.L.;C/VENDRELL. 12;;977352401
BBVA RENTING S.A.;C/JULIAN CAMARILLO.4 EDIF;bbva.jpg;934015517
BANC SABADELL, SA;Plaça Catalunya, 1;sabadell.jpg;
NAHUEL HOME, S.L.;C/CERAMICA, 9, P.I. XALAMEC;nahuel.png;977328605
NH CIUTAT DE REUS;Avda. Marià Fortuny. 85;nh.png;977345353
